2022-09-03;21:39:00;2022-09-04;04:31:00;1740;16980;4440;1560;0;2;13;12;16;75;76;72;100;33;76;53;75;74;74;;;NEGATIVE_RESTLESS;NONE;51;49;143;1
2022-09-05;01:41:00;2022-09-05;06:05:00;0;12300;;3540;0;3;13;9;15;30;42;24;76;0;0;0;61;41;51;47;51;NEGATIVE_SHORT_AND_POOR_QUALITY;NONE;51;49;179;6
2022-09-05;21:00:00;2022-09-06;06:08:00;2100;17340;10140;3300;0;4;13;8;16;65;68;100;100;62;74;89;32;45;38;36;37;NEGATIVE_LONG_BUT_RESTLESS;NONE;52;49;174;16
2022-09-06;20:51:00;2022-09-07;04:49:00;2220;17400;8700;360;0;0;13;10;16;86;85;97;100;64;82;85;100;99;99;36;82;POSITIVE_LONG_AND_RECOVERING;POSITIVE_EXERCISE;47;46;164;8
2022-09-07;20:44:00;2022-09-08;04:44:00;3900;19920;3840;1140;0;1;12;8;16;81;78;95;93;76;66;70;87;81;84;30;71;NEGATIVE_LONG_BUT_RESTLESS;NONE;48;46;113;6
2022-09-08;20:17:00;2022-09-09;04:26:00;4680;15420;8880;360;0;0;12;9;16;88;83;100;87;81;82;100;100;99;99;31;80;POSITIVE_LONG_AND_CONTINUOUS;NONE;48;46;115;7
2022-09-09;20:20:00;2022-09-10;06:20:00;2880;22980;7620;2520;0;2;13;9;15;79;73;100;73;65;92;74;74;58;66;74;68;POSITIVE_LONG_AND_REFRESHING;POSITIVE_STRESSFUL_DAY;45;43;170;7
2022-09-10;20:40:00;2022-09-11;05:23:00;3420;17220;10140;600;0;1;11;8;18;87;85;100;100;70;76;95;87;93;90;56;81;POSITIVE_LONG_AND_RECOVERING;POSITIVE_RESTFUL_DAY;47;44;112;9
2022-09-11;19:33:00;2022-09-12;05:00:36;1800;23280;3360;5580;0;4;13;8;15;57;55;98;76;61;62;49;32;7;19;45;26;NEGATIVE_LONG_BUT_POOR_QUALITY;NEGATIVE_LATE_STRENUOUS_EXERCISE;45;44;169;7
2022-09-12;20:38:00;2022-09-13;04:23:00;960;19320;3600;4020;0;5;13;8;19;50;50;73;77;40;68;55;0;33;16;35;19;NEGATIVE_POOR_STRUCTURE;NEGATIVE_VERY_STRENUOUS_EXERCISE;48;46;170;16
2022-09-13;21:09:00;2022-09-14;04:32:00;4920;16020;5580;60;0;0;12;8;15;87;91;85;100;93;80;87;100;100;100;49;86;POSITIVE_LONG_AND_RECOVERING;POSITIVE_EXERCISE;50;48;166;16
2022-09-14;20:30:00;2022-09-15;06:26:00;2340;22080;9900;1440;0;1;12;8;15;84;84;100;100;62;94;80;87;76;81;44;73;POSITIVE_LONG_AND_RECOVERING;POSITIVE_EXERCISE;45;43;150;7
2022-09-15;20:45:00;2022-09-16;06:49:00;4200;18180;7560;6300;0;3;12;8;21;66;74;100;100;76;100;86;61;0;30;39;35;NEGATIVE_LONG_BUT_DISCONTINUOUS;NONE;43;42;123;6
2022-09-16;21:17:00;2022-09-17;05:01:00;5460;15120;5520;1740;0;2;11;8;15;82;87;82;100;100;81;91;74;71;72;55;69;POSITIVE_LONG_AND_RECOVERING;NONE;43;41;130;10
2022-09-17;22:11:00;2022-09-18;04:45:00;2880;15600;3180;1980;0;2;12;9;15;71;76;66;83;74;67;70;74;67;70;81;73;POSITIVE_RECOVERING;POSITIVE_STRESSFUL_DAY;43;41;175;5
2022-09-18;20:06:00;2022-09-19;04:25:00;1740;20700;7140;360;0;0;12;8;15;83;82;100;74;59;100;73;100;99;99;66;91;POSITIVE_LONG_AND_REFRESHING;NONE;47;44;120;13
2022-09-19;21:00:00;2022-09-20;05:42:00;5640;13920;10980;780;0;2;12;8;17;87;85;100;100;92;70;100;74;89;81;59;75;POSITIVE_LONG_AND_RECOVERING;NONE;46;44;130;7
2022-09-20;21:00:00;2022-09-21;05:39:00;1980;22200;5220;1740;0;2;12;9;16;80;77;100;94;61;74;66;74;71;72;52;68;NEGATIVE_LONG_BUT_RESTLESS;NEGATIVE_STRESSFUL_DAY;44;43;132;7
2022-09-21;20:57:00;2022-09-22;05:37:00;3060;19860;6780;1500;0;2;12;8;16;84;82;100;96;69;92;76;74;75;74;51;69;POSITIVE_LONG_AND_RECOVERING;POSITIVE_STRESSFUL_DAY;46;42;179;12
2022-09-22;21:16:00;2022-09-23;03:06:00;2700;13860;3540;900;0;1;11;8;15;69;80;60;86;75;73;74;87;87;87;63;81;POSITIVE_CONTINUOUS;POSITIVE_EXERCISE;46;44;167;11
2022-09-23;20:51:00;2022-09-24;04:17:00;5100;16500;5040;120;0;0;;;;88;92;85;100;96;76;84;100;100;100;62;90;POSITIVE_LONG_AND_RECOVERING;NONE;49;47;151;13
2022-09-25;00:26:00;2022-09-25;06:12:00;4620;12180;3840;120;0;0;;;;72;87;62;79;100;75;89;100;100;100;75;94;POSITIVE_CONTINUOUS;NONE;47;45;132;-2
2022-09-25;21:16:00;2022-09-26;05:16:00;2280;19500;6660;360;0;0;11;8;20;88;88;98;96;64;96;74;100;99;99;55;88;POSITIVE_LONG_AND_CONTINUOUS;POSITIVE_STRESSFUL_DAY;44;42;158;-2
2022-09-26;21:46:00;2022-09-27;06:15:00;4620;19020;6120;780;0;1;11;8;15;88;85;100;98;79;79;80;87;89;88;45;77;POSITIVE_LONG_AND_RECOVERING;NONE;46;45;145;12
2022-09-27;21:14:00;2022-09-28;05:00:00;3300;18060;2700;3900;0;3;12;9;15;65;64;74;77;75;60;66;61;35;48;36;47;NEGATIVE_RESTLESS;NONE;47;46;155;10
2022-09-28;20:39:00;2022-09-29;04:31:00;3600;15840;720;8160;0;4;12;9;16;45;48;57;63;92;20;63;32;0;16;43;24;NEGATIVE_SHORT_AND_POOR_QUALITY;NEGATIVE_STRESSFUL_DAY;47;45;125;18
2022-09-29;21:16:00;2022-09-30;05:56:00;3300;22980;3840;1080;0;1;12;9;16;79;73;100;73;70;64;65;87;83;85;61;80;POSITIVE_LONG_AND_CONTINUOUS;NONE;51;49;134;27
2022-09-30;21:25:00;2022-10-01;05:23:00;3120;20760;2100;2700;0;2;12;8;15;67;63;81;69;72;44;60;74;55;64;50;62;NEGATIVE_LONG_BUT_NOT_ENOUGH_REM;NEGATIVE_HIGHLY_STRESSFUL_DAY;53;50;122;20
2022-10-01;21:11:00;2022-10-02;07:14:00;3300;24420;7380;1080;0;1;13;8;17;81;75;100;75;67;80;73;87;83;85;45;75;NEGATIVE_LONG_BUT_RESTLESS;NEGATIVE_HIGHLY_STRESSFUL_DAY;51;53;126;22
2022-10-02;21:03:00;2022-10-03;07:03:00;3060;25500;5820;1620;0;1;;;;79;73;100;79;66;72;67;87;73;80;42;71;NEGATIVE_LONG_BUT_RESTLESS;NEGATIVE_STRESSFUL_DAY;53;51;114;17
2022-10-03;20:20:00;2022-10-04;06:58:00;3780;26160;6960;1380;0;1;;;;80;73;100;74;68;76;71;87;77;82;48;74;NEGATIVE_LONG_BUT_RESTLESS;NEGATIVE_HIGHLY_STRESSFUL_DAY;51;49;109;-2
2022-10-04;;;;;;;;;;;;;;;;;;;;;;;;;;;52;48;152;-2
2022-10-05;;;;;;;;;;;;;;;;;;;;;;;;;;;56;53;75;
2022-10-06;;;;;;;;;;;;;;;;;;;;;;;;;;;;;;
2022-10-07;20:51:00;2022-10-08;05:46:00;2340;24060;5340;360;0;0;;;;82;78;100;80;63;72;65;100;99;99;46;85;NEGATIVE_LONG_BUT_RESTLESS;NONE;57;56;82;
2022-10-08;21:26:00;2022-10-09;06:32:00;1500;26460;4260;540;0;0;;;;74;71;100;71;47;64;47;100;95;97;50;85;NEGATIVE_LONG_BUT_LIGHT;NEGATIVE_HIGHLY_STRESSFUL_DAY;52;50;138;-2
2022-10-09;21:19:00;2022-10-10;05:55:00;1860;22320;6360;420;0;0;13;9;16;82;77;100;78;60;80;69;100;97;98;37;82;NEGATIVE_LONG_BUT_RESTLESS;NEGATIVE_HIGHLY_STRESSFUL_DAY;52;49;144;-2
2022-10-10;21:54:00;2022-10-11;06:34:00;3240;21840;5760;360;0;1;13;9;16;84;78;100;80;69;75;71;87;99;93;55;83;NEGATIVE_LONG_BUT_RESTLESS;NEGATIVE_STRESSFUL_DAY;53;50;106;16
2022-10-11;21:13:00;2022-10-12;06:32:00;1440;24480;4500;3120;0;3;13;9;16;67;61;100;74;47;68;57;61;48;54;40;52;NEGATIVE_LONG_BUT_RESTLESS;NEGATIVE_HIGHLY_STRESSFUL_DAY;53;48;124;15
2022-10-12;20:06:00;2022-10-13;02:09:00;3000;17820;780;180;0;0;;;;43;46;65;5;76;20;45;100;100;100;42;84;NEGATIVE_NOT_RESTORATIVE;NEGATIVE_HIGHLY_STRESSFUL_DAY;51;49;116;18
2022-10-13;21:04:00;2022-10-14;06:35:00;2700;24720;3840;3000;0;1;13;11;23;74;66;100;68;65;63;61;87;50;68;61;67;POSITIVE_LONG_AND_CONTINUOUS;NONE;57;53;128;-2
2022-10-14;23:52:00;2022-10-15;04:06:00;780;8340;;6120;0;2;13;9;16;0;0;0;0;0;0;0;0;0;0;0;0;NONE;NONE;56;54;162;25
2022-10-15;20:57:00;2022-10-16;05:49:00;4440;24060;3240;180;0;0;13;10;15;76;72;100;62;76;56;65;100;100;100;50;87;NEGATIVE_LONG_BUT_RESTLESS;NONE;56;54;132;54
2022-10-16;20:30:00;2022-10-17;03:16:00;5340;17700;1200;120;0;0;13;9;16;65;73;74;69;100;27;69;100;100;100;51;87;NEGATIVE_NOT_ENOUGH_REM;NEGATIVE_HIGHLY_STRESSFUL_DAY;59;52;108;24
2022-10-17;21:35:00;2022-10-18;06:14:00;3780;25440;1620;300;0;0;12;9;16;67;67;100;64;73;29;45;100;100;100;46;85;NEGATIVE_LONG_BUT_NOT_ENOUGH_REM;NEGATIVE_HIGHLY_STRESSFUL_DAY;55;51;121;19
2022-10-18;21:51:00;2022-10-19;05:53:31;2700;25200;600;420;0;1;12;9;14;43;40;99;0;67;11;9;87;97;92;48;80;NEGATIVE_LONG_BUT_NOT_RESTORATIVE;NEGATIVE_HIGHLY_STRESSFUL_DAY;55;39;119;24
2022-10-19;21:43:00;2022-10-20;05:07:00;3420;22380;720;120;0;0;12;9;15;61;64;85;62;74;15;34;100;100;100;41;84;NEGATIVE_LONG_BUT_NOT_ENOUGH_REM;NEGATIVE_LATE_STRENUOUS_EXERCISE;59;55;177;24
2022-10-20;21:28:00;2022-10-21;06:02:39;4680;17160;8880;120;0;0;12;8;16;92;89;100;92;78;93;95;100;100;100;58;89;POSITIVE_OPTIMAL_STRUCTURE;NONE;50;45;128;25
2022-10-21;22:17:00;2022-10-22;06:27:00;4620;18180;6480;120;0;0;12;8;15;91;89;100;100;80;88;83;100;100;100;35;82;POSITIVE_HIGHLY_RECOVERING;NONE;49;44;131;12
2022-10-22;21:56:00;2022-10-23;06:50:00;4200;14940;1620;11280;0;1;13;9;16;60;72;62;98;100;43;70;87;0;43;56;47;NEGATIVE_NOT_ENOUGH_REM;NEGATIVE_STRESSFUL_DAY;46;44;163;9
2022-10-23;20:36:00;2022-10-24;03:23:00;3360;15000;5460;600;0;1;12;9;16;80;88;73;100;76;93;82;87;93;90;50;80;POSITIVE_RECOVERING;POSITIVE_EXERCISE;43;41;151;11
2022-10-24;22:05:00;2022-10-25;07:17:00;4140;19680;7500;1800;0;2;13;10;16;85;83;100;94;74;100;82;74;70;72;58;69;POSITIVE_LONG_AND_REFRESHING;NONE;45;44;124;6
2022-10-25;21:48:00;2022-10-26;05:31:00;4620;17220;5340;600;0;1;12;9;15;85;84;89;89;85;77;81;87;93;90;53;81;POSITIVE_LONG_AND_CONTINUOUS;NONE;47;46;120;11
2022-10-26;20:19:00;2022-10-27;04:34:00;3840;22620;1320;1920;0;3;13;11;15;65;65;93;78;76;26;51;61;68;64;67;65;NEGATIVE_LONG_BUT_NOT_ENOUGH_REM;NEGATIVE_VERY_STRENUOUS_EXERCISE;47;45;185;16
2022-10-27;21:45:00;2022-10-28;05:33:00;1980;19680;6420;0;0;0;11;8;14;85;84;95;83;62;92;72;100;100;100;63;91;POSITIVE_LONG_AND_CONTINUOUS;POSITIVE_EXERCISE;50;48;166;13
2022-10-28;21:20:00;2022-10-29;05:41:00;2940;19320;6840;960;0;1;12;9;16;86;86;100;100;68;97;77;87;85;86;39;74;POSITIVE_LONG_AND_RECOVERING;POSITIVE_EXERCISE;47;46;132;14
2022-10-29;20:26:00;2022-10-30;05:34:00;1980;22680;6900;1320;0;0;12;9;15;82;77;100;79;61;86;70;100;78;89;47;79;NEGATIVE_LONG_BUT_RESTLESS;NEGATIVE_STRENUOUS_EXERCISE;47;44;182;9
2022-10-30;21:05:00;2022-10-31;04:26:00;4560;13800;7680;420;0;1;11;8;16;86;91;81;100;88;90;100;87;97;92;59;83;POSITIVE_LONG_AND_RECOVERING;NONE;47;44;147;10
2022-10-31;23:37:00;2022-11-01;07:13:00;5340;14700;7320;0;0;0;11;8;15;93;96;90;97;98;100;99;100;100;100;69;92;POSITIVE_OPTIMAL_STRUCTURE;POSITIVE_RESTFUL_DAY;46;45;124;9
2022-11-01;21:46:00;2022-11-02;06:24:00;2820;22320;5580;360;0;0;11;7;16;86;84;100;86;66;74;69;100;99;99;84;96;POSITIVE_LONG_AND_CONTINUOUS;POSITIVE_EXERCISE;47;46;165;11
2022-11-02;22:22:00;2022-11-03;06:00:00;2520;21540;3360;60;0;0;12;9;15;80;77;91;78;66;63;62;100;100;100;58;89;NEGATIVE_LONG_BUT_RESTLESS;NEGATIVE_LATE_STRENUOUS_EXERCISE;49;47;159;13
2022-11-03;22:34:00;2022-11-04;06:21:00;3960;18780;5280;0;0;0;11;9;19;87;84;95;84;76;76;76;100;100;100;64;91;POSITIVE_LONG_AND_CONTINUOUS;NONE;50;48;160;15
2022-11-04;22:00:00;2022-11-05;06:29:00;3060;19260;8040;180;0;0;12;8;15;89;89;100;100;68;100;81;100;100;100;35;82;POSITIVE_LONG_AND_RECOVERING;NONE;50;46;118;14
2022-11-05;21:38:00;2022-11-06;06:30:00;4440;19680;7020;780;0;1;12;9;17;89;87;100;100;77;90;81;87;89;88;42;76;POSITIVE_LONG_AND_RECOVERING;POSITIVE_EXERCISE;45;43;156;7
2022-11-06;21:37:00;2022-11-07;04:21:00;4320;17340;1920;660;0;0;;;;71;79;72;80;92;44;68;100;92;96;63;88;NEGATIVE_NOT_ENOUGH_REM;NEGATIVE_HIGHLY_STRESSFUL_DAY;45;43;172;6
2022-11-07;21:34:00;2022-11-08;05:55:00;4560;17160;8040;300;0;0;11;8;21;89;87;100;78;79;100;92;100;100;100;69;92;POSITIVE_LONG_AND_REFRESHING;NONE;49;46;133;-2
2022-11-08;21:56:00;2022-11-09;06:42:00;2520;22560;5700;780;0;0;13;9;16;83;78;100;87;64;75;68;100;89;94;31;78;NEGATIVE_LONG_BUT_RESTLESS;NONE;49;48;129;13
2022-11-09;21:14:00;2022-11-10;04:30:00;600;22560;2280;720;0;0;11;8;14;59;58;79;56;24;49;8;100;91;95;43;82;NEGATIVE_POOR_STRUCTURE;NEGATIVE_HIGHLY_STRESSFUL_DAY;47;45;127;14
2022-11-10;22:13:00;2022-11-11;05:51:00;3120;21180;2400;780;0;1;12;9;16;72;69;86;65;71;49;61;87;89;88;57;81;NEGATIVE_LONG_BUT_NOT_ENOUGH_REM;NEGATIVE_STRESSFUL_DAY;50;48;159;13
2022-11-12;01:05:00;2022-11-12;07:10:00;2760;17040;2040;60;0;0;12;9;16;67;73;66;63;73;51;62;100;100;100;76;94;NEGATIVE_NOT_ENOUGH_REM;NEGATIVE_STRESSFUL_DAY;52;50;126;23
2022-11-12;22:18:00;2022-11-13;07:01:00;1740;23940;5280;420;0;0;12;9;18;78;74;100;69;56;72;63;100;97;98;57;88;NEGATIVE_LONG_BUT_LIGHT;NONE;51;48;159;23
2022-11-13;21:43:00;2022-11-14;04:34:00;3600;18600;1440;1020;0;1;12;8;16;65;69;72;68;78;33;62;87;84;85;76;84;NEGATIVE_NOT_ENOUGH_REM;NEGATIVE_HIGHLY_STRESSFUL_DAY;52;51;167;19
2022-11-14;22:59:00;2022-11-15;08:35:00;1980;24540;7980;60;0;0;;;;81;80;100;71;57;94;71;100;100;100;67;92;POSITIVE_LONG_AND_CONTINUOUS;NONE;54;50;122;22
2022-11-15;22:27:00;2022-11-16;07:11:00;2460;24960;2760;1260;0;1;12;8;17;72;66;100;65;64;50;44;87;79;83;54;77;NEGATIVE_LONG_BUT_NOT_ENOUGH_REM;NEGATIVE_STRESSFUL_DAY;51;49;164;-2
2022-11-16;23:08:00;2022-11-17;06:04:00;3720;18600;2400;240;0;0;11;8;15;72;74;76;67;78;53;66;100;100;100;55;88;NEGATIVE_NOT_ENOUGH_REM;NEGATIVE_STRENUOUS_EXERCISE;54;52;180;25
2022-11-17;21:53:00;2022-11-18;06:22:58;2820;22980;2280;2460;0;1;;;;71;66;96;71;68;44;49;87;59;73;59;71;NEGATIVE_LONG_BUT_NOT_ENOUGH_REM;NEGATIVE_LATE_STRENUOUS_EXERCISE;55;51;165;23
2022-11-18;23:13:00;2022-11-19;06:49:00;3240;21540;2400;180;0;0;11;8;14;75;74;89;78;72;48;61;100;100;100;41;84;NEGATIVE_LONG_BUT_RESTLESS;NEGATIVE_HIGHLY_STRESSFUL_DAY;53;50;137;-2
2022-11-19;21:24:00;2022-11-20;06:36:00;2580;25740;3420;1380;0;1;11;9;15;74;68;100;66;64;59;53;87;77;82;49;75;NEGATIVE_LONG_BUT_RESTLESS;NONE;53;51;169;16
2022-11-20;21:22:00;2022-11-21;04:21:00;3540;16320;4260;1020;0;1;11;9;15;75;75;75;72;77;73;75;87;84;85;51;77;NEGATIVE_RESTLESS;NONE;55;49;161;20
2022-11-21;22:34:00;2022-11-22;07:07:00;2700;19380;8340;360;0;1;12;8;15;86;83;100;83;66;100;81;87;99;93;53;82;POSITIVE_LONG_AND_REFRESHING;NONE;48;47;124;19
2022-11-22;21:55:00;2022-11-23;07:24:17;3060;22800;6420;1860;0;3;11;9;15;76;70;100;78;67;78;72;61;69;65;45;60;NEGATIVE_LONG_BUT_RESTLESS;NONE;49;49;122;15
2022-11-23;22:22:00;2022-11-24;06:08:00;2580;21120;3780;480;0;1;11;8;16;79;75;91;79;67;66;64;87;96;91;41;78;NEGATIVE_LONG_BUT_RESTLESS;NONE;49;48;164;14
2022-11-24;23:33:00;2022-11-25;06:31:00;4320;16560;1980;2220;0;1;12;8;16;67;69;70;69;95;47;69;87;63;75;44;68;NEGATIVE_RESTLESS;NONE;48;46;172;16
2022-11-25;22:50:00;2022-11-26;05:28:00;2460;17880;3300;240;0;0;12;8;16;76;82;72;93;69;66;65;100;100;100;44;85;POSITIVE_CONTINUOUS;NONE;50;48;128;19
2022-11-27;00:59:00;2022-11-27;08:13:00;3060;15300;6060;1620;0;1;12;8;15;79;86;75;100;73;100;82;87;73;80;45;72;POSITIVE_RECOVERING;POSITIVE_STRESSFUL_DAY;48;46;165;10
2022-11-27;21:18:00;2022-11-28;04:21:00;2700;19500;2460;720;0;1;11;8;15;74;77;76;85;70;54;61;87;91;89;71;85;NEGATIVE_NOT_ENOUGH_REM;NONE;47;45;166;9
2022-11-28;23:20:00;2022-11-29;08:07:00;3060;18960;8880;720;0;1;11;8;16;87;83;100;89;68;95;85;87;91;89;51;79;POSITIVE_LONG_AND_REFRESHING;POSITIVE_RESTFUL_DAY;48;46;111;13
2022-11-29;22:17:00;2022-11-30;06:53:00;4380;20220;5940;420;0;0;12;8;15;86;81;100;77;77;77;77;100;97;98;60;89;POSITIVE_LONG_AND_CONTINUOUS;POSITIVE_EXERCISE;50;47;160;12
2022-11-30;21:54:00;2022-12-01;06:06:00;5400;18120;5820;180;0;0;11;8;16;91;89;100;100;92;78;84;100;100;100;36;82;POSITIVE_HIGHLY_RECOVERING;NONE;47;39;90;13
2022-12-01;22:54:00;2022-12-02;07:00:00;6120;15540;4800;2700;0;3;11;8;14;76;77;84;87;100;74;90;61;55;58;55;58;NEGATIVE_LONG_BUT_RESTLESS;NONE;45;42;161;7
2022-12-02;22:47:00;2022-12-03;06:54:00;6000;14880;7800;540;0;1;11;8;16;95;94;100;100;100;100;100;87;95;91;55;82;POSITIVE_HIGHLY_RECOVERING;NONE;47;35;124;13
2022-12-03;21:25:00;2022-12-04;07:13:00;2520;23520;6360;2880;0;4;11;8;16;70;68;100;87;64;77;69;32;52;42;73;46;NEGATIVE_LONG_BUT_DISCONTINUOUS;NONE;43;42;174;6
2022-12-04;22:18:00;2022-12-05;05:44:00;4260;14880;7260;360;0;0;;;;87;91;84;100;81;100;94;100;99;99;38;83;POSITIVE_LONG_AND_RECOVERING;NONE;42;42;113;9
2022-12-05;23:15:00;2022-12-06;08:27:37;5340;16620;8280;2880;0;4;;;;71;75;100;87;88;100;96;32;52;42;54;43;NEGATIVE_LONG_BUT_DISCONTINUOUS;NONE;44;42;105;-2
2022-12-06;23:53:00;2022-12-07;07:42:00;3300;18900;3900;2040;0;1;12;9;15;78;77;82;86;73;68;69;87;66;76;59;73;NEGATIVE_LONG_BUT_RESTLESS;NONE;46;43;154;-2
2022-12-07;22:10:00;2022-12-08;06:02:00;6360;12720;9240;0;0;0;11;9;14;93;93;97;100;100;77;100;100;100;100;65;91;POSITIVE_HIGHLY_RECOVERING;POSITIVE_RESTFUL_DAY;46;43;102;13
2022-12-08;22:49:00;2022-12-09;06:55:00;4200;16680;7020;1260;0;1;11;9;15;85;82;94;82;78;100;88;87;79;83;51;76;POSITIVE_LONG_AND_REFRESHING;NONE;44;43;144;7
2022-12-10;00:02:00;2022-12-10;08:32:00;3420;20760;4800;1620;0;1;11;8;15;85;82;100;100;72;71;70;87;73;80;57;75;POSITIVE_LONG_AND_RECOVERING;NONE;46;45;127;11
2022-12-10;23:15:00;2022-12-11;06:49:00;4800;15060;5400;1980;0;2;12;8;16;80;86;78;100;95;83;88;74;67;70;63;69;POSITIVE_RECOVERING;POSITIVE_LATE_BED_TIME;44;43;170;10
2022-12-11;20:32:00;2022-12-12;04:51:00;2820;19200;5220;2700;0;2;11;8;16;74;68;90;66;69;76;72;74;55;64;66;66;POSITIVE_LONG_AND_REFRESHING;POSITIVE_STRESSFUL_DAY;45;43;166;11
2022-12-12;21:00:00;2022-12-13;07:35:37;3720;17520;16800;60;0;0;12;8;16;62;74;100;100;68;0;100;100;100;100;59;89;NEGATIVE_LONG_BUT_TOO_MUCH_REM;NONE;45;41;101;13
2022-12-13;23:04:00;2022-12-14;06:52:00;1740;17940;8280;120;0;0;12;8;17;85;84;95;92;60;89;80;100;100;100;48;86;POSITIVE_LONG_AND_CONTINUOUS;NONE;45;45;172;8
2022-12-14;21:36:00;2022-12-15;05:52:00;5460;17280;6660;360;0;0;10;8;14;93;91;100;100;93;91;89;100;99;99;32;81;POSITIVE_HIGHLY_RECOVERING;NONE;46;45;111;11
2022-12-15;22:46:00;2022-12-16;06:17:00;1800;19140;5580;540;0;0;12;9;15;81;81;85;86;62;80;70;100;95;97;55;87;POSITIVE_LONG_AND_CONTINUOUS;NONE;44;43;163;5
2022-12-16;22:00:00;2022-12-17;06:45:00;5820;16020;9600;60;0;0;11;8;15;94;92;100;100;93;83;100;100;100;100;59;89;POSITIVE_HIGHLY_RECOVERING;NONE;47;46;127;13
2022-12-17;21:24:00;2022-12-18;06:34:00;2760;22440;6900;900;0;1;11;8;14;83;78;100;82;65;83;73;87;87;87;48;77;NEGATIVE_LONG_BUT_RESTLESS;NEGATIVE_HIGHLY_STRESSFUL_DAY;45;44;167;8
2022-12-18;21:14:00;2022-12-19;07:21:00;2820;22620;6900;4080;0;5;;;;57;64;100;98;65;82;73;0;32;16;50;21;NEGATIVE_LONG_BUT_DISCONTINUOUS;NONE;46;45;128;15
2022-12-19;22:19:00;2022-12-20;06:33:00;4620;16920;4560;3540;0;4;;;;63;67;82;86;89;73;79;32;41;36;33;35;NEGATIVE_LONG_BUT_RESTLESS;NONE;45;43;113;-2
2022-12-20;21:48:00;2022-12-21;06:59:00;2820;18060;6720;5460;0;5;;;;54;59;92;79;68;100;78;0;9;4;57;15;NEGATIVE_LONG_BUT_POOR_QUALITY;NEGATIVE_LATE_STRENUOUS_EXERCISE;46;44;165;-2
2022-12-21;22:42:00;2022-12-22;07:46:00;3840;17220;3900;7680;0;4;;;;55;56;77;71;79;69;74;32;0;16;48;24;NEGATIVE_POOR_STRUCTURE;NEGATIVE_STRESSFUL_DAY;47;46;138;-2
2022-12-22;21:48:00;2022-12-23;07:12:00;3900;22680;6780;480;0;0;;;;85;80;100;84;71;79;75;100;96;98;37;81;POSITIVE_LONG_AND_CONTINUOUS;NONE;48;45;106;-2
2022-12-23;20:09:00;2022-12-24;03:21:00;2460;18000;2280;3180;0;1;;;;65;64;69;64;70;55;61;87;47;67;51;64;NEGATIVE_RESTLESS;NEGATIVE_HIGHLY_STRESSFUL_DAY;52;48;128;-2
2022-12-24;21:44:00;2022-12-25;07:49:00;3360;23040;9120;780;0;1;;;;81;77;100;69;67;100;79;87;89;88;48;78;NEGATIVE_LONG_BUT_RESTLESS;NEGATIVE_STRESSFUL_DAY;47;46;114;-2
2022-12-25;22:01:00;2022-12-26;07:36:00;1920;27000;5160;420;0;0;;;;77;72;100;69;56;68;61;100;97;98;48;85;NEGATIVE_LONG_BUT_RESTLESS;NONE;48;46;136;-2
2022-12-26;22:38:00;2022-12-27;07:58:00;3420;22680;6960;540;0;1;;;;84;78;100;81;69;80;74;87;95;91;44;79;NEGATIVE_LONG_BUT_RESTLESS;NEGATIVE_HIGHLY_STRESSFUL_DAY;52;49;112;-2
2022-12-27;23:59:00;2022-12-28;07:19:00;1980;20580;3660;180;0;0;;;;77;77;82;80;63;66;62;100;100;100;50;87;NEGATIVE_LONG_BUT_RESTLESS;NEGATIVE_STRESSFUL_DAY;51;49;111;-2
2022-12-28;22:14:00;2022-12-29;08:33:00;2100;25560;3720;5760;0;4;13;9;18;56;53;100;73;61;62;51;32;4;18;37;24;NEGATIVE_LONG_BUT_POOR_QUALITY;NONE;51;50;121;-2
2022-12-29;22:12:00;2022-12-30;07:48:00;3420;27420;3180;540;0;0;12;8;15;75;70;100;69;68;51;56;100;95;97;38;81;NEGATIVE_LONG_BUT_RESTLESS;NEGATIVE_HIGHLY_STRESSFUL_DAY;53;51;151;19
2022-12-30;22:14:00;2022-12-31;08:55:00;2580;25920;7200;2760;0;2;13;9;17;77;70;100;77;62;78;69;74;54;64;59;64;NEGATIVE_LONG_BUT_RESTLESS;NEGATIVE_STRESSFUL_DAY;53;52;133;23
2023-01-01;00:27:00;2023-01-01;08:23:00;4860;18060;3360;2280;0;2;13;8;16;76;76;83;88;92;64;74;74;62;68;44;63;NEGATIVE_LONG_BUT_RESTLESS;NEGATIVE_STRESSFUL_DAY;52;50;128;17
2023-01-01;21:31:00;2023-01-02;07:48:00;3300;25080;6480;2160;0;4;12;8;17;69;68;100;88;67;75;70;32;64;48;40;44;NEGATIVE_LONG_BUT_RESTLESS;NONE;49;45;148;13
2023-01-02;21:14:00;2023-01-03;04:11:00;2580;18960;3000;480;0;0;12;8;16;74;74;75;79;69;62;63;100;96;98;27;78;NEGATIVE_RESTLESS;NEGATIVE_STRESSFUL_DAY;49;48;166;11
2023-01-03;21:10:00;2023-01-04;06:19:00;4320;19080;8760;780;0;1;12;8;16;89;88;100;100;75;100;88;87;89;88;41;76;POSITIVE_LONG_AND_RECOVERING;NONE;48;44;96;10
2023-01-05;00:25:00;2023-01-05;07:38:00;7320;11520;7020;120;0;0;13;8;16;88;96;80;100;100;100;100;100;100;100;56;89;POSITIVE_LONG_AND_RECOVERING;POSITIVE_LATE_BED_TIME;47;45;101;7
2023-01-05;23:18:00;2023-01-06;06:52:00;3900;18480;1320;3540;0;3;12;9;15;61;64;72;83;82;30;63;61;41;51;54;52;NEGATIVE_NOT_ENOUGH_REM;NEGATIVE_STRESSFUL_DAY;42;41;166;7
2023-01-06;22:23:00;2023-01-07;07:09:00;3780;21720;5640;420;0;0;10;8;14;89;87;100;100;72;74;73;100;97;98;59;89;POSITIVE_LONG_AND_RECOVERING;NONE;47;45;99;15
2023-01-07;20:54:00;2023-01-08;05:42:00;2280;20400;6900;2100;0;2;12;8;16;78;74;100;73;63;96;74;74;65;69;59;68;NEGATIVE_LONG_BUT_RESTLESS;NONE;47;44;175;10
2023-01-08;21:06:00;2023-01-09;05:58:00;5100;16980;8640;1200;0;1;12;8;16;89;86;100;90;83;99;96;87;80;83;51;76;POSITIVE_LONG_AND_REFRESHING;NONE;47;45;132;13
2023-01-09;22:29:00;2023-01-10;06:58:00;5400;18600;5940;600;0;1;12;9;15;90;88;100;100;90;78;83;87;93;90;51;80;POSITIVE_HIGHLY_RECOVERING;NONE;44;43;142;7
2023-01-10;22:51:00;2023-01-11;07:05:00;4560;16920;7740;420;0;1;11;9;14;91;90;100;100;79;100;91;87;97;92;45;79;POSITIVE_HIGHLY_RECOVERING;NONE;46;44;96;8
2023-01-12;00:03:00;2023-01-12;05:53:00;4740;12060;4140;60;0;0;12;9;15;75;93;63;100;100;78;92;100;100;100;57;89;POSITIVE_RECOVERING;POSITIVE_LATE_BED_TIME;46;44;118;8
2023-01-12;23:03:00;2023-01-13;06:56:00;2640;19920;4980;840;0;1;12;8;15;83;80;92;86;67;74;70;87;88;87;66;83;POSITIVE_LONG_AND_CONTINUOUS;POSITIVE_EXERCISE;46;44;166;9
2023-01-13;23:02:00;2023-01-14;07:13:00;3660;20760;3540;1500;0;2;11;8;15;80;79;95;100;74;63;67;74;75;74;46;68;NEGATIVE_LONG_BUT_RESTLESS;NEGATIVE_STRENUOUS_EXERCISE;48;46;173;14
2023-01-15;00:36:00;2023-01-15;07:45:00;2760;19440;1260;2280;0;1;;;;63;65;72;76;72;29;43;87;62;74;46;69;NEGATIVE_NOT_ENOUGH_REM;NEGATIVE_HIGHLY_STRESSFUL_DAY;49;48;161;10
2023-01-15;23:01:00;2023-01-16;06:51:00;4680;17640;4380;300;1200;0;;;;87;90;86;96;88;71;77;100;100;100;78;95;POSITIVE_LONG_AND_CONTINUOUS;POSITIVE_RESTFUL_DAY;52;49;98;-2
2023-01-16;23:33:00;2023-01-17;07:15:00;4380;17100;6240;0;0;0;;;;91;90;93;92;80;90;84;100;100;100;67;92;POSITIVE_OPTIMAL_STRUCTURE;POSITIVE_LATE_BED_TIME;49;47;157;-2
2023-01-17;23:42:00;2023-01-18;07:15:00;3600;15900;7620;60;0;0;;;;90;92;89;98;75;89;93;100;100;100;83;96;POSITIVE_OPTIMAL_STRUCTURE;NONE;45;40;100;-2
2023-01-18;22:29:00;2023-01-19;06:01:00;3600;16980;6420;120;0;0;;;;90;94;88;100;75;99;82;100;100;100;76;94;POSITIVE_HIGHLY_RECOVERING;NONE;45;44;90;-2
2023-01-20;00:43:00;2023-01-20;07:16:00;5400;15060;780;2340;0;2;12;9;14;58;65;64;63;100;20;71;74;61;67;88;72;NEGATIVE_NOT_ENOUGH_REM;NEGATIVE_STRESSFUL_DAY;44;45;174;-2
2023-01-20;22:09:00;2023-01-21;07:26:00;2820;21240;2100;7260;0;4;12;8;19;54;54;82;81;70;44;53;32;0;16;43;24;NEGATIVE_LONG_BUT_POOR_QUALITY;NEGATIVE_STRENUOUS_EXERCISE;51;53;173;25
2023-01-21;22:22:00;2023-01-22;07:36:00;1680;21900;9420;240;0;0;12;9;16;83;84;100;88;51;96;77;100;100;100;56;89;POSITIVE_LONG_AND_CONTINUOUS;NONE;51;50;165;19
2023-01-22;22:05:00;2023-01-23;06:01:00;3420;17100;6540;1500;0;2;11;8;15;83;84;88;92;73;100;81;74;75;74;62;72;POSITIVE_LONG_AND_REFRESHING;NONE;50;47;129;13
2023-01-23;22:12:00;2023-01-24;08:02:00;2220;25560;5460;2160;0;2;12;8;16;77;70;100;77;61;71;64;74;64;69;56;67;NEGATIVE_LONG_BUT_RESTLESS;NONE;49;48;112;14
2023-01-24;22:36:00;2023-01-25;07:01:00;3180;24060;1740;1320;0;1;12;9;16;70;69;100;79;70;33;42;87;78;82;56;77;NEGATIVE_LONG_BUT_NOT_ENOUGH_REM;NEGATIVE_HIGHLY_STRESSFUL_DAY;50;47;165;17
2023-01-25;22:49:00;2023-01-26;06:43:00;2580;21540;3180;1140;0;1;12;8;15;75;70;90;69;67;61;61;87;81;84;55;77;NEGATIVE_LONG_BUT_RESTLESS;NEGATIVE_HIGHLY_STRESSFUL_DAY;51;50;184;17
2023-01-26;22:47:00;2023-01-27;07:37:00;3000;19260;3060;6480;0;2;12;8;16;63;60;78;68;72;62;65;74;0;37;61;44;NEGATIVE_DISCONTINUOUS;NEGATIVE_STRESSFUL_DAY;53;53;177;21
2023-01-27;22:46:00;2023-01-28;07:34:00;1740;22800;6600;540;0;0;12;9;16;83;82;100;91;56;81;68;100;95;97;53;86;POSITIVE_LONG_AND_CONTINUOUS;NONE;51;49;118;22
2023-01-28;22:20:00;2023-01-29;07:48:00;1680;24480;6300;1620;0;1;13;8;16;75;70;100;74;52;77;66;87;73;80;35;70;NEGATIVE_LONG_BUT_RESTLESS;NEGATIVE_HIGHLY_STRESSFUL_DAY;50;47;164;13
2023-01-29;21:00:00;2023-01-30;07:38:00;5100;25500;7620;60;0;0;13;8;16;90;88;100;95;75;78;77;100;100;100;69;92;POSITIVE_OPTIMAL_STRUCTURE;NONE;49;47;114;19
2023-01-30;21:06:00;2023-01-31;07:38:00;2040;27420;5280;3180;0;5;13;8;16;55;52;100;70;59;68;61;0;47;23;31;22;NEGATIVE_LONG_BUT_POOR_QUALITY;NONE;48;46;98;15
2023-01-31;22:15:00;2023-02-01;06:41:00;2700;18840;4020;4800;0;2;12;8;18;66;62;79;67;69;69;68;74;20;47;54;50;NEGATIVE_DISCONTINUOUS;NEGATIVE_STRENUOUS_EXERCISE;47;44;166;15
2023-02-01;22:02:00;2023-02-02;06:03:00;2820;22140;3660;240;0;0;13;9;16;82;78;99;83;68;64;63;100;100;100;48;86;NEGATIVE_LONG_BUT_RESTLESS;NONE;52;45;125;25
2023-02-02;22:14:00;2023-02-03;06:40:00;4620;17400;6060;2280;0;1;13;10;16;86;85;95;100;82;84;84;87;62;74;56;71;POSITIVE_LONG_AND_RECOVERING;NONE;48;46;114;12
2023-02-03;21:26:00;2023-02-04;05:01:00;5340;14280;7380;300;0;0;13;9;16;92;96;88;100;99;100;100;100;100;100;52;87;POSITIVE_HIGHLY_RECOVERING;NONE;49;45;126;11
2023-02-04;20:56:00;2023-02-05;06:48:00;1980;25260;5460;2820;0;4;12;8;18;67;61;100;72;60;71;63;32;53;42;62;45;NEGATIVE_LONG_BUT_DISCONTINUOUS;NONE;43;42;181;11
2023-02-05;21:38:00;2023-02-06;06:00:00;5160;15900;9060;0;0;0;12;8;16;93;91;100;100;86;86;100;100;100;100;52;87;POSITIVE_HIGHLY_RECOVERING;NONE;43;42;129;12
2023-02-06;22:22:00;2023-02-07;07:01:00;4260;17040;5460;4380;0;3;12;9;17;72;76;86;98;80;79;81;61;27;44;61;49;NEGATIVE_LONG_BUT_DISCONTINUOUS;NONE;48;47;118;10
2023-02-07;23:44:00;2023-02-08;06:39:00;3600;13500;7800;0;0;0;12;9;16;83;90;77;100;77;79;98;100;100;100;66;92;POSITIVE_RECOVERING;POSITIVE_LATE_BED_TIME;48;46;158;11
2023-02-08;21:47:00;2023-02-09;06:52:00;3840;18000;7680;3180;0;2;12;9;17;81;82;100;97;74;100;85;74;47;60;60;61;POSITIVE_LONG_AND_REFRESHING;POSITIVE_EXERCISE;46;41;157;6
2023-02-09;23:01:00;2023-02-10;06:26:00;3300;18120;4380;900;0;1;12;9;16;80;82;80;93;74;72;72;87;87;87;63;81;POSITIVE_LONG_AND_RECOVERING;POSITIVE_EXERCISE;46;43;167;11
2023-02-10;22:58:00;2023-02-11;05:18:00;3480;14520;4560;240;0;0;13;9;15;77;88;68;100;79;78;80;100;100;100;45;85;POSITIVE_RECOVERING;NONE;47;45;149;12
2023-02-11;23:27:00;2023-02-12;06:51:00;2280;17460;6600;300;0;0;13;9;16;84;90;83;98;65;100;77;100;100;100;59;89;POSITIVE_LONG_AND_REFRESHING;NONE;47;44;153;8
2023-02-12;21:54:00;2023-02-13;07:17:00;6840;15660;11220;60;0;0;12;8;17;95;94;100;100;100;75;100;100;100;100;78;95;POSITIVE_HIGHLY_RECOVERING;NONE;43;40;111;9
2023-02-13;23:52:00;2023-02-14;07:15:00;3660;18420;4200;300;0;0;12;8;15;82;84;83;82;76;70;72;100;100;100;81;96;POSITIVE_LONG_AND_CONTINUOUS;POSITIVE_LATE_BED_TIME;43;42;160;5
2023-02-14;21:50:00;2023-02-15;08:00:39;2820;25740;6240;1800;0;1;13;9;16;81;76;100;90;64;74;68;87;70;78;39;70;NEGATIVE_LONG_BUT_RESTLESS;NONE;49;48;173;14
2023-02-15;22:45:00;2023-02-16;06:53:00;6180;16860;5220;1020;0;1;;;;88;87;97;100;100;75;88;87;84;85;37;74;POSITIVE_LONG_AND_RECOVERING;NONE;48;41;145;13
2023-02-16;22:34:00;2023-02-17;06:47:00;4080;18240;7020;240;0;0;;;;94;93;100;100;76;100;83;100;100;100;65;91;POSITIVE_HIGHLY_RECOVERING;NONE;45;43;105;-2
2023-02-17;22:55:00;2023-02-18;06:33:00;3900;15780;7440;360;0;0;12;9;16;90;92;89;100;77;100;91;100;99;99;56;88;POSITIVE_HIGHLY_RECOVERING;NONE;47;45;127;-2
2023-02-18;21:15:00;2023-02-19;06:39:00;4860;21900;5580;1500;0;1;12;9;16;84;82;100;100;78;73;75;87;75;81;32;69;POSITIVE_LONG_AND_RECOVERING;NONE;43;42;122;8
2023-02-19;22:13:00;2023-02-20;06:59:00;3060;20520;6000;1980;0;3;13;9;16;82;80;100;100;69;79;73;61;67;64;75;66;POSITIVE_LONG_AND_RECOVERING;NONE;43;42;158;5
2023-02-20;21:17:00;2023-02-21;06:31:00;3240;22620;5040;2340;0;2;;;;78;72;100;83;69;71;69;74;61;67;50;64;NEGATIVE_LONG_BUT_RESTLESS;NEGATIVE_HIGHLY_STRESSFUL_DAY;46;45;162;9
2023-02-21;21:00:00;2023-02-22;06:29:00;2760;20340;6540;4500;0;4;;;;61;62;100;77;67;87;74;32;25;28;39;31;NEGATIVE_LONG_BUT_DISCONTINUOUS;NEGATIVE_STRESSFUL_DAY;48;46;141;-2
2023-02-22;22:31:00;2023-02-23;06:06:00;5040;15720;4740;1080;720;1;;;;81;87;79;100;99;75;84;87;83;85;41;74;POSITIVE_RECOVERING;NONE;45;43;150;-2
2023-02-23;22:04:00;2023-02-24;06:01:00;5040;16560;6780;240;0;0;;;;94;94;97;100;89;99;90;100;100;100;51;87;POSITIVE_HIGHLY_RECOVERING;NONE;42;41;101;-2
2023-02-25;07:16:00;2023-02-25;11:01:00;4320;7140;1740;300;0;0;12;9;15;49;92;28;100;100;64;98;100;100;100;78;95;POSITIVE_SHORT_BUT_RECOVERING;NONE;42;41;109;-2
2023-02-25;22:04:00;2023-02-26;06:51:00;1740;25200;2940;1740;0;2;13;10;16;75;73;100;98;58;54;34;74;71;72;44;66;NEGATIVE_LONG_BUT_RESTLESS;NONE;46;43;178;7
2023-02-26;22:38:00;2023-02-27;05:30:00;1560;22020;;1140;0;0;12;9;16;56;60;72;72;61;0;0;100;81;90;37;77;NEGATIVE_NOT_ENOUGH_REM;NEGATIVE_HIGHLY_STRESSFUL_DAY;47;46;167;10
2023-02-27;22:10:00;2023-02-28;05:41:00;1980;21960;840;2280;0;3;12;8;17;57;54;76;61;64;18;8;61;62;61;57;61;NEGATIVE_POOR_STRUCTURE;NEGATIVE_HIGHLY_STRESSFUL_DAY;49;49;175;22
2023-02-28;22:30:00;2023-03-01;06:53:00;2520;24540;600;2520;0;3;14;11;19;57;52;92;63;66;12;8;61;58;59;33;54;NEGATIVE_LONG_BUT_POOR_QUALITY;NONE;49;52;174;26
2023-03-01;22:36:00;2023-03-02;06:42:43;4680;14640;9060;780;0;1;14;9;23;87;85;98;100;82;78;100;87;89;88;36;75;POSITIVE_LONG_AND_RECOVERING;NONE;45;44;144;24
2023-03-02;22:10:00;2023-03-03;05:56:00;2520;19140;6300;0;0;0;13;9;15;87;87;95;98;66;90;74;100;100;100;46;85;POSITIVE_LONG_AND_CONTINUOUS;NONE;45;45;166;10
2023-03-03;22:31:00;2023-03-04;06:05:00;3120;18480;4800;840;0;1;13;9;15;78;75;84;76;72;74;73;87;88;87;46;77;NEGATIVE_LONG_BUT_RESTLESS;NEGATIVE_STRESSFUL_DAY;48;46;184;11
2023-03-04;23:09:00;2023-03-05;04:52:00;3540;14520;2340;180;0;0;12;9;16;68;78;61;74;87;61;71;100;100;100;45;85;NEGATIVE_RESTLESS;NEGATIVE_STRESSFUL_DAY;51;48;178;18
2023-03-05;20:23:00;2023-03-06;07:19:10;3180;24240;10440;1500;0;2;13;9;16;80;77;100;82;65;100;80;74;75;74;38;66;NEGATIVE_LONG_BUT_RESTLESS;NONE;49;44;110;17
2023-03-06;20:41:00;2023-03-07;06:12:08;600;21360;9900;2400;0;3;13;11;17;61;59;100;73;19;80;76;61;60;60;35;55;NEGATIVE_LONG_BUT_POOR_QUALITY;NEGATIVE_HIGHLY_STRESSFUL_DAY;47;45;154;15
2023-03-07;20:42:00;2023-03-08;06:26:07;2040;26640;6180;180;0;0;13;10;16;83;80;100;90;58;74;65;100;100;100;40;83;POSITIVE_LONG_AND_CONTINUOUS;NONE;47;47;114;16
2023-03-08;22:14:00;2023-03-09;06:17:00;2700;23700;1680;900;0;0;13;8;16;68;66;98;63;67;33;34;100;87;93;58;85;NEGATIVE_LONG_BUT_NOT_ENOUGH_REM;NEGATIVE_LATE_EXERCISE;48;46;170;11
2023-03-09;22:00:00;2023-03-10;05:37:00;4080;18240;5100;0;0;0;12;8;17;86;84;91;85;78;75;77;100;100;100;58;89;POSITIVE_LONG_AND_CONTINUOUS;NONE;49;48;185;24
2023-03-10;22:33:00;2023-03-11;05:53:00;1740;19740;3960;960;0;1;11;8;15;74;72;79;73;62;69;63;87;85;86;46;76;NEGATIVE_RESTLESS;NONE;50;41;148;17
2023-03-11;22:52:00;2023-03-12;06:55:00;2100;22680;2820;1380;0;2;12;8;15;72;66;92;74;63;56;47;74;77;75;33;65;NEGATIVE_LONG_BUT_RESTLESS;NEGATIVE_STRESSFUL_DAY;51;49;139;20
2023-03-12;22:49:00;2023-03-13;07:27:49;3360;23040;3420;1260;0;0;12;8;16;78;72;100;68;70;61;63;100;79;89;59;83;NEGATIVE_LONG_BUT_RESTLESS;NEGATIVE_STRESSFUL_DAY;51;44;141;19
2023-03-13;22:23:00;2023-03-14;06:12:00;4440;20520;2520;660;0;0;13;9;16;76;75;91;73;81;50;67;100;92;96;55;86;NEGATIVE_LONG_BUT_NOT_ENOUGH_REM;NONE;48;47;166;23
2023-03-14;21:46:00;2023-03-15;06:01:00;3840;17160;7800;900;0;1;11;8;17;88;84;100;86;75;100;88;87;87;87;55;79;POSITIVE_LONG_AND_REFRESHING;NONE;47;45;135;19
2023-03-15;22:03:00;2023-03-16;07:11:00;4740;22320;5580;240;0;0;12;8;16;88;85;100;90;77;72;75;100;100;100;64;91;POSITIVE_LONG_AND_CONTINUOUS;NONE;46;45;149;9
2023-03-16;23:17:00;2023-03-17;06:49:00;2820;20100;1380;2820;0;4;12;8;16;57;57;75;77;71;31;44;32;53;42;46;42;NEGATIVE_POOR_STRUCTURE;NONE;48;46;165;12
2023-03-17;22:51:00;2023-03-18;05:54:00;3600;14160;5580;2040;0;2;11;8;15;75;85;71;100;79;99;86;74;66;70;49;66;POSITIVE_RECOVERING;NONE;48;43;115;18
2023-03-18;23:14:00;2023-03-19;06:19:00;5340;15240;4020;900;0;1;13;9;16;80;86;76;97;100;71;84;87;87;87;44;76;POSITIVE_DEEP;NONE;44;43;108;8
2023-03-19;22:23:00;2023-03-20;07:00:00;4140;17940;8340;600;0;1;12;9;16;90;88;100;95;75;100;89;87;93;90;59;82;POSITIVE_OPTIMAL_STRUCTURE;NONE;47;43;116;11
2023-03-21;16:05:00;2023-03-21;19:13:00;4920;6060;;300;0;0;13;11;15;36;74;18;75;100;0;96;100;100;100;85;97;NEGATIVE_SHORT_AND_POOR_STRUCTURE;NONE;48;45;164;11
2023-03-22;00:31:00;2023-03-22;06:01:00;2940;12540;4260;60;0;0;11;8;15;70;88;58;100;78;84;81;100;100;100;38;83;POSITIVE_SHORT_BUT_RECOVERING;POSITIVE_LATE_BED_TIME;46;44;112;13
2023-03-22;22:29:00;2023-03-23;07:10:00;5760;15540;9660;300;0;0;12;9;16;93;91;100;100;93;80;100;100;100;100;51;87;POSITIVE_HIGHLY_RECOVERING;NONE;43;41;159;5
2023-03-23;22:48:00;2023-03-24;04:32:00;2280;16800;1500;60;0;0;12;8;15;64;73;62;69;70;40;50;100;100;100;74;94;NEGATIVE_NOT_ENOUGH_REM;NEGATIVE_STRESSFUL_DAY;45;45;168;11
2023-03-24;20:50:00;2023-03-25;06:30:31;3000;21180;8520;2100;0;2;11;8;16;81;77;100;81;66;100;79;74;65;69;59;68;NEGATIVE_LONG_BUT_RESTLESS;NONE;47;45;123;16
2023-03-25;20:50:00;2023-03-26;07:08:00;1740;26940;7680;720;0;1;11;8;16;79;79;100;93;48;81;67;87;91;89;51;79;NEGATIVE_LONG_BUT_LIGHT;NONE;45;44;170;7
2023-03-26;19:59:00;2023-03-27;04:44:00;1860;22020;7380;240;0;0;13;8;16;83;81;100;77;60;97;72;100;100;100;50;87;POSITIVE_LONG_AND_CONTINUOUS;NONE;45;42;102;12
2023-03-27;21:44:00;2023-03-28;05:17:47;2340;21180;3420;240;0;0;13;9;17;80;79;88;82;65;64;62;100;100;100;60;90;POSITIVE_LONG_AND_CONTINUOUS;NONE;43;42;161;8
2023-03-28;21:25:00;2023-03-29;04:54:00;4860;16740;5340;0;0;0;;;;88;91;87;100;90;78;83;100;100;100;56;89;POSITIVE_LONG_AND_RECOVERING;POSITIVE_EXERCISE;44;43;152;15
2023-03-29;20:03:00;2023-03-30;05:55:16;0;30000;3120;2400;0;2;12;8;17;40;31;100;0;0;52;0;74;60;67;71;68;NEGATIVE_LONG_BUT_NOT_RESTORATIVE;NONE;44;44;184;-2
2023-03-30;20:11:00;2023-03-31;03:34:00;3600;19680;3240;60;0;0;13;9;15;79;79;85;72;75;62;67;100;100;100;82;96;POSITIVE_LONG_AND_CONTINUOUS;NONE;49;53;163;29
2023-03-31;23:54:00;2023-04-01;07:02:00;3840;17100;4740;0;0;0;12;6;15;83;89;79;100;78;75;77;100;100;100;64;91;POSITIVE_RECOVERING;NONE;49;45;126;16
2023-04-01;21:20:00;2023-04-02;07:53:00;4440;20220;9900;2400;1020;2;;;;82;82;100;100;74;96;90;74;60;67;42;62;POSITIVE_LONG_AND_RECOVERING;NONE;42;41;135;6
2023-04-02;20:52:00;2023-04-03;03:52:00;3660;15840;5340;360;0;1;;;;82;89;76;100;77;83;80;87;99;93;73;88;POSITIVE_RECOVERING;POSITIVE_RESTFUL_DAY;43;42;113;-2
2023-04-03;20:48:00;2023-04-04;05:57:29;3420;22920;5280;1320;0;1;;;;85;83;100;100;70;71;69;87;78;82;60;78;POSITIVE_LONG_AND_RECOVERING;NONE;43;41;155;-2
2023-04-04;20:53:00;2023-04-05;05:01:00;3120;17880;7920;360;0;0;12;8;16;93;93;100;100;70;100;84;100;99;99;77;94;POSITIVE_HIGHLY_RECOVERING;NONE;44;42;112;-2
2023-04-05;21:22:00;2023-04-06;05:47:00;1860;24600;2340;1500;0;1;12;8;17;72;68;100;78;61;44;27;87;75;81;48;74;NEGATIVE_LONG_BUT_NOT_ENOUGH_REM;NONE;44;42;180;8
2023-04-06;21:24:00;2023-04-07;05:30:00;3840;19260;5820;240;0;0;12;9;16;90;87;100;100;75;78;77;100;100;100;44;85;POSITIVE_HIGHLY_RECOVERING;NONE;44;44;128;15
2023-04-07;22:52:00;2023-04-08;04:38:00;2340;14940;3360;120;0;0;12;8;16;72;87;62;100;71;71;70;100;100;100;57;89;POSITIVE_RECOVERING;POSITIVE_STRESSFUL_DAY;44;43;179;6
2023-04-08;21:53:00;2023-04-09;04:42:00;3240;16080;5100;120;0;0;12;8;15;81;89;75;100;75;80;78;100;100;100;55;88;POSITIVE_RECOVERING;NONE;47;44;164;10
2023-04-09;21:52:00;2023-04-10;05:24:00;2040;16920;6840;1320;0;3;13;11;17;77;81;80;95;64;100;78;61;78;69;57;66;POSITIVE_LONG_AND_REFRESHING;NONE;47;46;188;7
2023-04-10;21:13:00;2023-04-11;03:49:00;1620;19740;2040;360;0;0;12;8;15;71;81;71;94;62;48;34;100;99;99;77;94;POSITIVE_CONTINUOUS;NONE;46;44;169;11